<?xml version="1.0" encoding="utf-8" ?>
<dwsync>
<file name="cors.php" server="sanmateo.grupobalets.com" local="131117192940000000" remote="131396296200000000" Dst="2" />
<file name="uploadProgress.php" server="sanmateo.grupobalets.com" local="131117192960000000" remote="131396296200000000" Dst="2" />
<file name="sessionProgress.php" server="sanmateo.grupobalets.com" local="131117192950000000" remote="131396296200000000" Dst="2" />
<file name="Uploader.php" server="sanmateo.grupobalets.com" local="131117192950000000" remote="131396296200000000" Dst="2" />
<file name="cors.php" server="comunidad.forestermontessori.edu.mx" local="131117192940000000" remote="132303226800000000" Dst="1" />
<file name="sessionProgress.php" server="comunidad.forestermontessori.edu.mx" local="131117192960000000" remote="132303226800000000" Dst="1" />
<file name="Uploader.php" server="comunidad.forestermontessori.edu.mx" local="131836805598567143" remote="132303226800000000" Dst="1" />
<file name="uploadProgress.php" server="comunidad.forestermontessori.edu.mx" local="131117192960000000" remote="132303226800000000" Dst="1" />
<file name="uploadProgress.php" server="18.211.45.150" local="131117192960000000" remote="132306874200000000" Dst="2" />
<file name="cors.php" server="18.211.45.150" local="131117192940000000" remote="132306874200000000" Dst="2" />
<file name="sessionProgress.php" server="18.211.45.150" local="131117192960000000" remote="132306874200000000" Dst="2" />
<file name="Uploader.php" server="18.211.45.150" local="132306694117819256" remote="132306874200000000" Dst="2" />
</dwsync>